epoch,acc,loss,val_acc,val_loss
0,0.9420042643959552,0.17898741606283652,0.9678834251181831,0.06561604687216299
1,0.9670910752825428,0.06703207808117513,0.9684195136215216,0.06045360443784547
2,0.9692232714213506,0.06216510287752393,0.9693942199912277,0.05933296091693807
3,0.9700883338874773,0.05955785731448838,0.9690043374433452,0.05926771344423837
4,0.9714163874737417,0.05719784259932309,0.9693454846727423,0.0590402162057802
5,0.9726957051048837,0.0554201152745522,0.9676397485257566,0.05947085576649775
6,0.9726226013141763,0.05440795018715246,0.9691992787172864,0.059414129636432535
